GRACO葛莱汽车儿童安全座椅增高垫4-12岁,438,50,heighteningPad,105,0
宝宝汽车儿童安全座椅,1980,50,safetySeat,105,0
婴儿护臀膏,28,50,babyDiaperOintment,105,0
婴儿床,599,50,babyBed,105,0
婴儿床垫,288,50,babyMattress,105,0
婴儿奶粉,57,50,babyMilkPowder,105,0
营养补充剂,128,50,capsule,105,0
儿童霜,34,50,childrenCream,105,0
儿童纸尿裤,56,50,paperDiaper,105,0
奶瓶,28,50,teats,105,0
护发素,45,50,hair conditioner,104,0
染发膏,68.5,50,hairColor,104,0
润肤露,35.5,50,lotion,104,0
漱口水,35.9,50,mouthWash,104,0
卫生巾,19.9,50,pads,104,0
洗发露,33.3,50,shampoo,104,0
男士洗发露,36.6,50,shampooForMen,104,0
沐浴露,129,50,soap,104,0
牙刷,20.5,50,toothbrush,104,0
牙膏,34.6,50,toothpaste,104,0
洗手液,32.2,50,handWashing,103,0
衣架,25,50,hanger,103,0
拖把套装,288,50,mop,103,0
雨衣,58,50,raincoat,103,0
垃圾袋,9.9,50,rubbishBag,103,0
拖鞋,13.4,50,slipper,103,0
纸巾,25.6,50,tissue,103,0
毛巾套装,15.5,50,towel,103,0
雨伞,39.9,50,umbrella,103,0
保温杯,39.9,50,vacuumCup,103,0
荞麦面,26.6,50,buckwheatNoodles,102,0
咖喱,13.4,50,curry,102,0
橄榄油,159.9,50,oliveOil,102,0
花生油,59.9,50,peanutOil,102,0
辛拉面,19.9,50,ramenNoodles,102,0
薏仁粥,28.8,50,riceBeans,102,0
无碘盐,9.9,50,salt,102,0
酱油,6.9,50,soySauce,102,0
粉丝,8.8,50,vermicelli,102,0
五常大米,99.9,50,wuchangRice,102,0
苹果汁,12.2,50,appleJuice,101,0
卡布奇诺,22.2,50,cappuccino,101,0
水果麦片,39.9,50,fruitCereal,101,0
即食麦片,28.8,50,granola,101,0
葡萄汁,12.2,50,grapeJuice,101,0
橙汁,12.2,50,orangeJuice,101,0
脱脂牛奶,19.9,50,skimMilk,101,0
全脂牛奶,25.9,50,wholeMilk,101,0
星巴克咖啡,19.9,50,starbucks,101,0
速溶白咖啡,25.9,50,whieCoffee,101,0